attr_typename,data variables,data variables,data variables,variable:threshold,data variables,global,global,global,global,global,global,global,global,global,global,global,global,global
Variabelnavn,long_name,standard_name,units,threshold,norwegian_name,summary_no,summary,time_coverage_start,time_coverage_end,time_coverage_resolution,title_no,title,creator_name,creator_institution,creator_email,keywords,source,collection
tas,mean air temperature,air_temperature,degC,,middeltemperatur,"Gjennomsnittlig lufttemperatur (ca 2 meter over bakken) for år eller sesong, for perioden 1991-2020, med 1x1 km romlig oppløsning.","Mean air temperature (ca. 2 meters above ground) for year or season, for the period 1991-2020, at a 1x1 km spatial resolution.",2006-01-01T00:00:00Z,2006-01-01T00:00:00Z,,"middeltemperatur for år eller sesonger, midlet over perioden 1991–2020.",Annual or seasonal mean air temperature averaged over the period 1991–2020.,"Ole Einar Tveito, Helga Therese Tilley Tajet","Norwegian Meteorological Institute (MET Norway), Norwegian Meteorological Institute (MET Norway)","klimavakten@met.no, klimavakten@met.no","GCMDSK:EARTH SCIENCE > CLIMATE INDICATORS > ATMOSPHERIC/OCEAN INDICATORS > TEMPERATURE INDICES, GCMDSK:EARTH SCIENCE > ATMOSPHERE > ATMOSPHERIC TEMPERATURE > SURFACE TEMPERATURE > AIR TEMPERATURE, GEMET:Atmospheric conditions, NORTHEMES:Weather and climate",Climate Indicator,"GEONOR,KSS"
tas0lt,winter season length,spell_length_of_days_with_air_temperature_below_threshold,day,0,vintersesongens lengde,"Antall dager med gjennomsnittlig lufttemperatur under null grader (tas<0 °C) for perioden 1991-2020, for 1x1 km romlig oppløsning. Basert på døgnnormaler for temperatur.","Number of days with an average air temperature below zero degrees (tas <0 °C) for the period 1991-2020, at a 1x1 km spatial resolution. Based on daily temperature normals.",2006-01-01T00:00:00Z,2006-01-01T00:00:00Z,,"vintersesongens lengde for år eller sesonger, midlet over perioden 1991–2020.",Annual or seasonal winter season length averaged over the period 1991–2020.,"Andreas Dobler, Ole Einar Tveito",Norwegian Meteorological Institute (MET Norway)  ,klimavakten@met.no,"GCMDSK:EARTH SCIENCE > CLIMATE INDICATORS > ATMOSPHERIC/OCEAN INDICATORS > TEMPERATURE INDICES, GEMET:Atmospheric conditions, NORTHEMES:Weather and climate",Climate Indicator,"GEONOR,KSS"
tas10gt,summer season length,spell_length_of_days_with_air_temperature_above_threshold,day,10,sommeresesongens lengde,"Antall dager med gjennomsnittlig lufttemperatur over 10 grader (tas>10 °C) for perioden 1991-2020, for 1x1 km romlig oppløsning. Basert på døgnnormaler for temperatur.","Number of days with an average air temperature above 10 degrees (tas>10 °C) for the period 1991-2020, at a 1x1 km spatial resolution. Based on daily temperature normals.",2006-01-01T00:00:00Z,2006-01-01T00:00:00Z,,"sommeresesongens lengde for år eller sesonger, midlet over perioden 1991–2020.",Annual or seasonal summer season length averaged over the period 1991–2020.,"Andreas Dobler, Ole Einar Tveito",Norwegian Meteorological Institute (MET Norway)  ,klimavakten@met.no,"GCMDSK:EARTH SCIENCE > CLIMATE INDICATORS > ATMOSPHERIC/OCEAN INDICATORS > TEMPERATURE INDICES, GEMET:Atmospheric conditions, NORTHEMES:Weather and climate",Climate Indicator,"GEONOR,KSS"
gsl,growing season length,spell_length_of_days_with_air_temperature_above_threshold,day,5,vekstsesongens lengde,"Antall dager med gjennomsnittlig lufttemperatur over eller lik 5 grader (tas>=5 °C) for perioden 1991-2020, for 1x1 km romlig oppløsning. Basert på døgnnormaler for temperatur. ","Number of days with an average air temperature above or equal to 5 degrees (tas>=5 °C) for the period 1991-2020, at a 1x1 km spatial resolution. Based on daily temperature normals.",2006-01-01T00:00:00Z,2006-01-01T00:00:00Z,,"vekstsesongens lengde for år eller sesonger, midlet over perioden 1991–2020.",Annual or seasonal growing season length averaged over the period 1991–2020.,"Andreas Dobler, Ole Einar Tveito",Norwegian Meteorological Institute (MET Norway)  ,klimavakten@met.no,"GCMDSK:EARTH SCIENCE > CLIMATE INDICATORS > LAND SURFACE/AGRICULTURE INDICATORS > LENGTH OF GROWING SEASON, GEMET:Atmospheric conditions, NORTHEMES:Weather and climate",Climate Indicator,"GEONOR,KSS"
degday5ge,growing degree-days,integral_wrt_time_of_air_temperature_excess,degC day,5,vekstgraddager,"Sum av graddager over 5 grader (tas>5°C) for perioden 1991-2020, for 1x1 km romlig oppløsning. Vekstgraddager, også kalt vekstgradtall, er døgnet sin varmesum og er et mål på hvor gode forhold det er for planters vekst. Varmesummen til en dag er definert som antall grader døgnmiddeltemperaturen ligger over en terskelverdi. Basert på døgnnormaler for temperatur.","Sum of degree days above 5 degrees (tas>5ºC) for the period 1991-2020, at a 1x1 km spatial resolution. Growing degree days, also called growing degree numbers, are the sum of the heat of the day and are a measure of how good the conditions are for plant growth. The heat sum for a day is defined as the number of degrees the daily average temperature is above a threshold value. Based on daily temperature normals.",2006-01-01T00:00:00Z,2006-01-01T00:00:00Z,,"vekstgraddager for år eller sesonger, midlet over perioden 1991–2020.",Annual or seasonal growing degree-days averaged over the period 1991–2020.,"Andreas Dobler, Ole Einar Tveito",Norwegian Meteorological Institute (MET Norway)  ,klimavakten@met.no,"GCMDSK:EARTH SCIENCE > CLIMATE INDICATORS > ATMOSPHERIC/OCEAN INDICATORS > TEMPERATURE INDICES > GROWING DEGREE DAYS, GEMET:Atmospheric conditions, NORTHEMES:Weather and climate",Climate Indicator,"GEONOR,KSS"
degday17le,energy degree-days,integral_wrt_time_of_air_temperature_excess,degC day,17,energigraddager,"Sum av graddager under 17 grader (tas<17°C) for perioden 1991-2020, for 1x1 km romlig oppløsning. Basert på døgnnormaler for temperatur.","Sum of degree days under 17 degrees (tas<17ºC) for the period 1991-2020, at a 1x1 km spatial resolution. Based on daily temperature normals.",2006-01-01T00:00:00Z,2006-01-01T00:00:00Z,,"energigraddager for år eller sesonger, midlet over perioden 1991–2020.",Annual or seasonal energy degree-days averaged over the period 1991–2020.,"Andreas Dobler, Ole Einar Tveito",Norwegian Meteorological Institute (MET Norway)  ,klimavakten@met.no,"GCMDSK:EARTH SCIENCE > CLIMATE INDICATORS > ATMOSPHERIC/OCEAN INDICATORS > TEMPERATURE INDICES > GROWING DEGREE DAYS, GEMET:Atmospheric conditions, NORTHEMES:Weather and climate",Climate Indicator,"GEONOR,KSS"
degday22ge,cooling degree-days,integral_wrt_time_of_air_temperature_excess,degC day,22,avkjølingsgraddager,"Sum av graddager over 22 grader (tas >22°C) for perioden 1991-2020, for 1x1 km romlig oppløsning. Basert på døgnnormaler for temperatur. ","Sum of degree days above 22 degrees (tas>22°C) for the period 1991-2020, at a 1x1 km spatial resolution. Based on daily temperature normals.",2006-01-01T00:00:00Z,2006-01-01T00:00:00Z,,"avkjølingsgraddager for år eller sesonger, midlet over perioden 1991–2020.",Annual or seasonal cooling degree-days averaged over the period 1991–2020.,"Andreas Dobler, Ole Einar Tveito",Norwegian Meteorological Institute (MET Norway)  ,klimavakten@met.no,"GCMDSK:EARTH SCIENCE > CLIMATE INDICATORS > ATMOSPHERIC/OCEAN INDICATORS > TEMPERATURE INDICES > COOLING DEGREE DAYS, GCMDSK:EARTH SCIENCE > ATMOSPHERE > ATMOSPHERIC TEMPERATURE > ATMOSPHERIC TEMPERATURE INDICES > COOLING DEGREE DAYS, GEMET:Atmospheric conditions, NORTHEMES:Weather and climate",Climate Indicator,"GEONOR,KSS"
fdgs,frost days in the growing season,,day,,frostdager i vekstsesongen,"Antall dager med minimumstemperatur under 0 grader (tasmin<0 °C) i vekstsesongen beregnet for hvert enkelt år for perioden 1991-2020, for 1x1 km romlig oppløsning.","Number of days with minimum temperature below 0 degrees (tasmin<0 °C) in the growing season, computed for each year separately for the period 1991-2020, at a 1x1 km spatial resolution. .",2006-01-01T00:00:00Z,2006-01-01T00:00:00Z,,"frostdager i vekstsesongen for år eller sesonger, midlet over perioden 1991–2020.",Annual or seasonal frost days in the growing season averaged over the period 1991–2020.,"Andreas Dobler, Helga Therese Tilley Tajet",Norwegian Meteorological Institute (MET Norway)  ,klimavakten@met.no,"GCMDSK:EARTH SCIENCE > CLIMATE INDICATORS > ATMOSPHERIC/OCEAN INDICATORS > TEMPERATURE INDICES, GEMET:Atmospheric conditions, NORTHEMES:Weather and climate",Climate Indicator,"GEONOR,KSS"
tasmax,maximum air temperature,air_temperature,degC,,maksimumstemperatur,"Gjennomsnittet av hvert døgns høyeste lufttemperatur (ca 2 meter over bakken) for år eller sesong, for perioden 1991-2020, for 1x1 km romlig oppløsning. ","The average of each day's highest air temperature (approx. 2 meters above the ground) for year or season, for the period 1991-2020, at a 1x1 km spatial resolution.",2006-01-01T00:00:00Z,2006-01-01T00:00:00Z,,"maksimumstemperatur for år eller sesonger, midlet over perioden 1991–2020.",Annual or seasonal maximum air temperature averaged over the period 1991–2020.,"Irene Brox Nilsen, Helga Therese Tilley Tajet","Norwegian Water Resources and Energy Directorate (NVE), Norwegian Meteorological Institute (MET Norway)","climatedata@nve.no, klimavakten@met.no","GCMDSK:EARTH SCIENCE > ATMOSPHERE > ATMOSPHERIC TEMPERATURE > SURFACE TEMPERATURE > MAXIMUM/MINIMUM TEMPERATURE > 24 HOUR MAXIMUM TEMPERATURE, GEMET:Atmospheric conditions, NORTHEMES:Weather and climate",Climate Indicator,"GEONOR,KSS"
tasmin,minimum air temperature,air_temperature,degC,,minimumstemperatur,"Gjennomsnittet av hvert døgns laveste lufttemperatur (ca 2 meter over bakken) for år eller sesong, for perioden 1991-2020, for 1x1 km romlig oppløsning.","Average of each day's lowest air temperature (approx. 2 meters above the ground) for year or season, for the period 1991-2020, at a 1x1 km spatial resolution.",2006-01-01T00:00:00Z,2006-01-01T00:00:00Z,,"minimumstemperatur for år eller sesonger, midlet over perioden 1991–2020.",Annual or seasonal minimum air temperature averaged over the period 1991–2020.,"Irene Brox Nilsen, Helga Therese Tilley Tajet","Norwegian Water Resources and Energy Directorate (NVE), Norwegian Meteorological Institute (MET Norway)","climatedata@nve.no, klimavakten@met.no","GCMDSK:EARTH SCIENCE > ATMOSPHERE > ATMOSPHERIC TEMPERATURE > SURFACE TEMPERATURE > MAXIMUM/MINIMUM TEMPERATURE > 24 HOUR MINIMUM TEMPERATURE, GEMET:Atmospheric conditions, NORTHEMES:Weather and climate",Climate Indicator,"GEONOR,KSS"
dtr,daily air temperature range,,degC,,døgnlig temperaturspenn,"Gjennomsnittlig forskjell mellom minimumstemperatur og maximumstemperatur (ca 2 meter over bakken) for år eller sesong, for perioden 1991-2020, for 1x1 km romlig oppløsning.","Average difference between maximum and minimum temperature (approx. 2 meters above the ground) for year or season, for the period 1991-2020, at a 1x1 km spatial resolution. ",2006-01-01T00:00:00Z,2006-01-01T00:00:00Z,,"døgnlig temperaturspenn for år eller sesonger, midlet over perioden 1991–2020.",Annual or seasonal daily air temperature range averaged over the period 1991–2020.,"Irene Brox Nilsen, Helga Therese Tilley Tajet","Norwegian Water Resources and Energy Directorate (NVE), Norwegian Meteorological Institute (MET Norway)","climatedata@nve.no, klimavakten@met.no","GCMDSK:EARTH SCIENCE > CLIMATE INDICATORS > ATMOSPHERIC/OCEAN INDICATORS > TEMPERATURE INDICES, GEMET:Atmospheric conditions, NORTHEMES:Weather and climate",Climate Indicator,"GEONOR,KSS"
dzc,days with zero-crossings,,1,0,nullgradspasseringer,"Antall dager som lufttemperaturen krysser null grader (tasmax>0 og tasmin<0) for år eller sesong, for perioden 1991-2020, for 1x1 km romlig oppløsning. ","Number of days with air temperature crossing zero degrees (tasmax>0 og tasmin<0) for year or season, for the period 1991-2020, at a 1x1 km spatial resolution.",2006-01-01T00:00:00Z,2006-01-01T00:00:00Z,,"nullgradspasseringer for år eller sesonger, midlet over perioden 1991–2020.",Annual or seasonal {$long_name} averaged over the period 1991–2020.,"Irene Brox Nilsen, Helga Therese Tilley Tajet","Norwegian Water Resources and Energy Directorate (NVE), Norwegian Meteorological Institute (MET Norway)","climatedata@nve.no, klimavakten@met.no","GCMDSK:EARTH SCIENCE > CLIMATE INDICATORS > ATMOSPHERIC/OCEAN INDICATORS > TEMPERATURE INDICES, GEMET:Atmospheric conditions, NORTHEMES:Weather and climate",Climate Indicator,"GEONOR,KSS"
fd,frost days ,number_of_days_with_air_temperature_below_threshold,1,0,frostdager,"Antall dager med minimumstemperatur under null (tasmin<=0 °C) for perioden 1991-2020, for 1x1 km romlig oppløsning.","Number of days with minimum temperature below zero (tasmin<=0 °C) for the period 1991-2020, at a 1x1 km spatial resolution. ",2006-01-01T00:00:00Z,2006-01-01T00:00:00Z,,"frostdager for år eller sesonger, midlet over perioden 1991–2020.",Annual or seasonal days with zero-crossings averaged over the period 1991–2020.,"Irene Brox Nilsen, Helga Therese Tilley Tajet","Norwegian Water Resources and Energy Directorate (NVE), Norwegian Meteorological Institute (MET Norway)","climatedata@nve.no, klimavakten@met.no","GCMDSK:EARTH SCIENCE > CLIMATE INDICATORS > ATMOSPHERIC/OCEAN INDICATORS > TEMPERATURE INDICES, GEMET:Atmospheric conditions, NORTHEMES:Weather and climate",Climate Indicator,"GEONOR,KSS"
tasmin20ge,tropical nights ,number_of_days_with_air_temperature_above_threshold,1,20,tropenattsdøgn,"Antall døgn med minimumstemperatur over eller lik 20 grader (tasmin>=20 °C) for perioden 1991-2020, for 1x1 km romlig oppløsning.","Number of days with minimum temperature above or equal to 20 degrees (tasmin>=20 °C) for the period 1991-2020, at a 1x1 km spatial resolution.",2006-01-01T00:00:00Z,2006-01-01T00:00:00Z,,"tropenattsdøgn for år eller sesonger, midlet over perioden 1991–2020.",Annual or seasonal tropical nights averaged over the period 1991–2020.,"Irene Brox Nilsen, Helga Therese Tilley Tajet","Norwegian Water Resources and Energy Directorate (NVE), Norwegian Meteorological Institute (MET Norway)","climatedata@nve.no, klimavakten@met.no","GCMDSK:EARTH SCIENCE > CLIMATE INDICATORS > ATMOSPHERIC/OCEAN INDICATORS > TEMPERATURE INDICES, GEMET:Atmospheric conditions, NORTHEMES:Weather and climate",Climate Indicator,"GEONOR,KSS"
tasmax20ge,nordic summer days,number_of_days_with_air_temperature_above_threshold,1,20,nordiske sommerdager,"Antall dager med maksimumstemperatur over eller lik 20 grader (tasmax>=20 °C) for perioden 1991-2020, for 1x1 km romlig oppløsning.","Number of days with maximum temperature above or equal to 20 degrees (tasmax>=20 °C) for the period 1991-2020, at a 1x1 km spatial resolution.",2006-01-01T00:00:00Z,2006-01-01T00:00:00Z,,"nordiske sommerdager for år eller sesonger, midlet over perioden 1991–2020.",Annual or seasonal nordic summer days averaged over the period 1991–2020.,"Irene Brox Nilsen, Helga Therese Tilley Tajet","Norwegian Water Resources and Energy Directorate (NVE), Norwegian Meteorological Institute (MET Norway)","climatedata@nve.no, klimavakten@met.no","GCMDSK:EARTH SCIENCE > CLIMATE INDICATORS > ATMOSPHERIC/OCEAN INDICATORS > TEMPERATURE INDICES, GEMET:Atmospheric conditions, NORTHEMES:Weather and climate",Climate Indicator,"GEONOR,KSS"
norheatwave,norwegian heatwave events ,,1,27,norske hetebølger,"Antall hendelser med maksimumstemperatur over eller lik 27 grader (tasmax>=27°C) fem dager på rad for perioden 1991-2020, for 1x1 km romlig oppløsning.","Number of events with maximum temperature above or equal to 27 degrees (tasmax>=27°C) five days in a row for the period 1991-2020, at a 1x1 km spatial resolution.",2006-01-01T00:00:00Z,2006-01-01T00:00:00Z,,"norske hetebølger for år eller sesonger, midlet over perioden 1991–2020.",Annual or seasonal norwegian heatwave events averaged over the period 1991–2020.,Helga Therese Tilley Tajet,Norwegian Meteorological Institute (MET Norway)  ,klimavakten@met.no,"GCMDSK:EARTH SCIENCE > ATMOSPHERE > WEATHER EVENTS > HEAT WAVE, GCMDSK:EARTH SCIENCE > CLIMATE INDICATORS > ATMOSPHERIC/OCEAN INDICATORS > TEMPERATURE INDICES, GEMET:Atmospheric conditions, NORTHEMES:Weather and climate",Climate Indicator,"GEONOR,KSS"
pr,precipitation amount,precipitation_amount,kg m-2,,nedbørsum,"Gjennomsnittlig nedbørsum for år eller sesong, for perioden 1991-2020, for 1x1 km romlig oppløsning. (kg m-2 tilsvarer mm)","Mean precipitation sum for year or season, for the period 1991-2020, at a 1x1 km spatial resolution. kg m-2 equals mm.",2006-01-01T00:00:00Z,2006-01-01T00:00:00Z,,"nedbørsum for år eller sesonger, midlet over perioden 1991–2020.",Annual or seasonal precipitation amount averaged over the period 1991–2020.,"Ole Einar Tveito, Julia Lutz","Norwegian Meteorological Institute (MET Norway), Norwegian Meteorological Institute (MET Norway)","klimavakten@met.no, klimavakten@met.no","GCMDSK:EARTH SCIENCE > CLIMATE INDICATORS > ATMOSPHERIC/OCEAN INDICATORS > PRECIPITATION INDICES, GCMDSK:EARTH SCIENCE > ATMOSPHERE > PRECIPITATION, GEMET:Atmospheric conditions, NORTHEMES:Weather and climate",Climate Indicator,"GEONOR,KSS"
pr1mm,wet days,number_of_wet_days,1,1,våte dager,"Antall dager med nedbør over eller lik 1 mm (pr>=1 mm) for år eller sesong, for perioden 1991-2020, for 1x1 km romlig oppløsning.","Number of days with precipitation exceeding 1 mm (pr>1 mm) for year or season, for the period 1991-2020, at a 1x1 km spatial resolution.",2006-01-01T00:00:00Z,2006-01-01T00:00:00Z,,"våte dager for år eller sesonger, midlet over perioden 1991–2020.",Annual or seasonal wet days averaged over the period 1991–2020.,"Julia Lutz, Andreas Dobler","Norwegian Meteorological Institute (MET Norway), Norwegian Meteorological Institute (MET Norway)","klimavakten@met.no, klimavakten@met.no","GCMDSK:EARTH SCIENCE > CLIMATE INDICATORS > ATMOSPHERIC/OCEAN INDICATORS > PRECIPITATION INDICES, GCMDSK:EARTH SCIENCE > ATMOSPHERE > PRECIPITATION, GEMET:Atmospheric conditions, NORTHEMES:Weather and climate",Climate Indicator,"GEONOR,KSS"
sdii,wet day precipitation amount,simple_daily_intensity,kg m-2,,nedbørmengde på våte dager,"Gjennomsnittlig nedbørsum på våte dager (pr >= 1mm) gitt som mm/døgn for perioden 1991-2020, for år eller sesong, for 1x1 km romlig oppløsning. (kg m-2 tilsvarer mm) ","Mean precipitation sum on wet days (pr >= 1mm) given as mm/day for the period 1991-2020, for year or season, at a 1x1 km spatial resolution. (kg m-2 equals mm)",2006-01-01T00:00:00Z,2006-01-01T00:00:00Z,,"nedbørmengde på våte dager for år eller sesonger, midlet over perioden 1991–2020.",Annual or seasonal wet day precipitation amount averaged over the period 1991–2020.,"Julia Lutz, Andreas Dobler","Norwegian Meteorological Institute (MET Norway), Norwegian Meteorological Institute (MET Norway)","klimavakten@met.no, klimavakten@met.no","GCMDSK:EARTH SCIENCE > CLIMATE INDICATORS > ATMOSPHERIC/OCEAN INDICATORS > PRECIPITATION INDICES, GCMDSK:EARTH SCIENCE > ATMOSPHERE > PRECIPITATION, GEMET:Atmospheric conditions, NORTHEMES:Weather and climate",Climate Indicator,"GEONOR,KSS"
pr95ptot,precipitation fraction due to very wet days ,precipitation_percent_due_to_R95p_days,%,95,nedbørandel fra veldig våte dager,"Prosentandel av nedbør på svært våte dager (antall dager med nedbør over 95-persentilen) for år eller sesong, for perioden 1991-2020, for 1x1 km romlig oppløsning.","Percentage fraction of precipitation on very wet days (number of days with precipitation exceeding the 95 percentile) for year or season, for the period 1991-2020, at a 1x1 km spatial resolution.",2006-01-01T00:00:00Z,2006-01-01T00:00:00Z,,"nedbørandel fra veldig våte dager for år eller sesonger, midlet over perioden 1991–2020.",Annual or seasonal precipitation fraction due to very wet days averaged over the period 1991–2020.,"Julia Lutz, Andreas Dobler","Norwegian Meteorological Institute (MET Norway), Norwegian Meteorological Institute (MET Norway)","klimavakten@met.no, klimavakten@met.no","GCMDSK:EARTH SCIENCE > CLIMATE INDICATORS > ATMOSPHERIC/OCEAN INDICATORS > PRECIPITATION INDICES, GCMDSK:EARTH SCIENCE > ATMOSPHERE > PRECIPITATION, GEMET:Atmospheric conditions, NORTHEMES:Weather and climate",Climate Indicator,"GEONOR,KSS"
pr997,very heavy precipitation,precipitation_percentile_99point7_of_reference_period,kg m-2,99.7,svært kraftig nedbør,"99,7 persentil for døgnnedbør for år eller sesong, for perioden 1991-2020, for 1x1 km romlig oppløsning. (kg m-2 tilsvarer mm)","99.7 percentile of daily precipitation for year or season, for the period 1991-2020, at a 1x1 km spatial resolution. kg m-2 equals mm.",2006-01-01T00:00:00Z,2006-01-01T00:00:00Z,,"svært kraftig nedbør for år eller sesonger, midlet over perioden 1991–2020.",Annual or seasonal very heavy precipitation averaged over the period 1991–2020.,"Julia Lutz, Andreas Dobler","Norwegian Meteorological Institute (MET Norway), Norwegian Meteorological Institute (MET Norway)","klimavakten@met.no, klimavakten@met.no","GCMDSK:EARTH SCIENCE > CLIMATE INDICATORS > ATMOSPHERIC/OCEAN INDICATORS > PRECIPITATION INDICES, GCMDSK:EARTH SCIENCE > ATMOSPHERE > PRECIPITATION, GEMET:Atmospheric conditions, NORTHEMES:Weather and climate",Climate Indicator,"GEONOR,KSS"
pr20mm,days with heavy precipitation ,very_heavy_precipitation_days,1,20,døgn med kraftig nedbør,"Antall dager med nedbør over eller lik 20 mm (pr>=20mm) for år eller sesong, for perioden 1991-2020, for 1x1 km romlig oppløsning.","Number of days with daily precipitation above or equal to 20 mm (pr>=20mm) for year or season, for the period 1991-2020, at a 1x1 km spatial resolution.",2006-01-01T00:00:00Z,2006-01-01T00:00:00Z,,"dager med kraftig nedbør for år eller sesonger, midlet over perioden 1991–2020.",Annual or seasonal days with heavy precipitation averaged over the period 1991–2020.,"Julia Lutz, Andreas Dobler","Norwegian Meteorological Institute (MET Norway), Norwegian Meteorological Institute (MET Norway)","klimavakten@met.no, klimavakten@met.no","GCMDSK:EARTH SCIENCE > CLIMATE INDICATORS > ATMOSPHERIC/OCEAN INDICATORS > PRECIPITATION INDICES, GCMDSK:EARTH SCIENCE > ATMOSPHERE > PRECIPITATION, GEMET:Atmospheric conditions, NORTHEMES:Weather and climate",Climate Indicator,"GEONOR,KSS"
prmax5day,maximum 5-day precipitation amount,highest_five_day_precipitation_amount,kg m-2,,høyeste femdagers nedbørsum,"Høyeste årlige nedbørmengde i løpet av fem påfølgende dager for perioden 1991-2020, for 1x1 km romlig oppløsning. (kg m-2 tilsvarer mm)","Highest annual precipitation amount over five consecutive days for the period 1991-2020, at a 1x1 km spatial resolution. kg m-2 equals mm.",2006-01-01T00:00:00Z,2006-01-01T00:00:00Z,,"høyeste femdagers nedbørsum for år eller sesonger, midlet over perioden 1991–2020.",Annual or seasonal maximum 5-day precipitation amount averaged over the period 1991–2020.,"Julia Lutz, Andreas Dobler","Norwegian Meteorological Institute (MET Norway), Norwegian Meteorological Institute (MET Norway)","klimavakten@met.no, klimavakten@met.no","GCMDSK:EARTH SCIENCE > CLIMATE INDICATORS > ATMOSPHERIC/OCEAN INDICATORS > PRECIPITATION INDICES, GCMDSK:EARTH SCIENCE > ATMOSPHERE > PRECIPITATION, GEMET:Atmospheric conditions, NORTHEMES:Weather and climate",Climate Indicator,"GEONOR,KSS"
sfcWind,mean wind speed,wind_speed,m/s,,middelvind,"Gjennomsnittlig vind (ca 10 meter over bakken) for år eller sesong, for perioden 1991-2020, for 1x1 km romlig oppløsning.","Mean wind speed (ca 10 meters above ground) for year or season, for the period 1991-2020, at a 1x1 km spatial resolution.",2006-01-01T00:00:00Z,2006-01-01T00:00:00Z,,"middelvind for år eller sesonger, midlet over perioden 1991–2020.",Annual or seasonal mean wind speed averaged over the period 1991–2020.,"Jan Erik Haugen, Cristian Lussana","Norwegian Meteorological Institute (MET Norway), Norwegian Meteorological Institute (MET Norway)","klimavakten@met.no, klimavakten@met.no","GCMDSK:EARTH SCIENCE > ATMOSPHERE > ATMOSPHERIC WINDS > WIND INDICES, GEMET:Atmospheric conditions, NORTHEMES:Weather and climate",Climate Indicator,"GEONOR,KSS"
sfcWind99,strong wind,,m/s,99,kraftig vind,"99 persentil for døgnmiddelvind for år eller sesong, for perioden 1991-2020, for 1x1 km romlig oppløsning.","99 percentile of daily wind speed, for the period 1991-2020, at a 1x1 km spatial resolution.",2006-01-01T00:00:00Z,2006-01-01T00:00:00Z,,"kraftig vind for år eller sesonger, midlet over perioden 1991–2020.",Annual or seasonal strong wind averaged over the period 1991–2020.,"Jan Erik Haugen, Cristian Lussana","Norwegian Meteorological Institute (MET Norway), Norwegian Meteorological Institute (MET Norway)","klimavakten@met.no, klimavakten@met.no","GCMDSK:EARTH SCIENCE > ATMOSPHERE > ATMOSPHERIC WINDS > WIND INDICES, GEMET:Atmospheric conditions, NORTHEMES:Weather and climate",Climate Indicator,"GEONOR,KSS"
sfcWind997,very strong wind,,m/s,99.7,svært kraftig vind,"99,7 persentil for døgnmiddelvind for år eller sesong, for perioden 1991-2020, for 1x1 km romlig oppløsning.","99.7 percentile of daily wind speed, for the period 1991-2020, at a 1x1 km spatial resolution.",2006-01-01T00:00:00Z,2006-01-01T00:00:00Z,,"svært kraftig vind for år eller sesonger, midlet over perioden 1991–2020.",Annual or seasonal very strong wind averaged over the period 1991–2020.,"Jan Erik Haugen, Andreas Dobler","Norwegian Meteorological Institute (MET Norway), Norwegian Meteorological Institute (MET Norway)","klimavakten@met.no, klimavakten@met.no","GCMDSK:EARTH SCIENCE > ATMOSPHERE > ATMOSPHERIC WINDS > WIND INDICES, GEMET:Atmospheric conditions, NORTHEMES:Weather and climate",Climate Indicator,"GEONOR,KSS"
sfcWind100yrRP,100-year return level for wind speed,,m/s,,100-års returverdi for vind,"Gjennomsnittlig 100-år returverdi av døgnmiddelvind for år eller sesong, for perioden 1991-2020, for 1x1 km romlig oppløsning.","Average 100-year return value of daily mean wind speed, for the period 1991-2020, at a 1x1 km spatial resolution.",2006-01-01T00:00:00Z,2006-01-01T00:00:00Z,,"100-års returverdi for vind for år eller sesonger, midlet over perioden 1991–2020.",Annual or seasonal 100-year return level for wind speed averaged over the period 1991–2020.,"Jan Erik Haugen, Andreas Dobler","Norwegian Meteorological Institute (MET Norway), Norwegian Meteorological Institute (MET Norway)","klimavakten@met.no, klimavakten@met.no","GCMDSK:EARTH SCIENCE > ATMOSPHERE > ATMOSPHERIC WINDS > WIND INDICES, GEMET:Atmospheric conditions, NORTHEMES:Weather and climate",Climate Indicator,"GEONOR,KSS"
sfcWind10ms,windy days,,1,10,døgn med mye vind,"Antall dager med middelvind over 10 m/s (sfc > 10m/s) for år eller sesong, for perioden 1991-2020, for 1x1 km romlig oppløsning.","Number of days with mean wind speed above 10 m/s, for the period 1991-2020, at a 1x1 km spatial resolution.",2006-01-01T00:00:00Z,2006-01-01T00:00:00Z,,"dager med mye vind for år eller sesonger, midlet over perioden 1991–2020.",Annual or seasonal windy days averaged over the period 1991–2020.,"Jan Erik Haugen, Cristian Lussana","Norwegian Meteorological Institute (MET Norway), Norwegian Meteorological Institute (MET Norway)","klimavakten@met.no, klimavakten@met.no","GCMDSK:EARTH SCIENCE > ATMOSPHERE > ATMOSPHERIC WINDS > WIND INDICES, GEMET:Atmospheric conditions, NORTHEMES:Weather and climate",Climate Indicator,"GEONOR,KSS"
mrro,mean runoff amount,runoff_amount,kg m-2,,avrenning,"Gjennomsnittlig avrenningsum for år eller sesong, for perioden 1991-2020, for 1x1 km romlig oppløsning. (kg m-2 tilsvarer mm)","Mean runoff amount for year or season, for the period 1991-2020, at a 1x1 km spatial resolution. kg m-2 equals mm.",2006-01-01T00:00:00Z,2006-01-01T00:00:00Z,,"Avrenning for år eller årstider, midlet over perioden 1991–2020.",,"Shaochun Huang, Ingjerd Haddeland","Norwegian Water Resources and Energy Directorate (NVE), Norwegian Water Resources and Energy Directorate (NVE)","climatedata@nve.no, climatedata@nve.no","GCMDSK:EARTH SCIENCE > CLIMATE INDICATORS > TERRESTRIAL HYDROSPHERE INDICATORS > FRESHWATER RUNOFF, GCMDSK:EARTH SCIENCE > TERRESTRIAL HYDROSPHERE > SURFACE WATER > SURFACE WATER PROCESSES/MEASUREMENTS > RUNOFF, GEMET:geological / hydrological, NORTHEMES:Weather and climate",Climate Indicator,"GEONOR,KSS"
evap,mean evapotranspiration amount,water_evapotranspiration_amount,kg m-2,,fordampning,"Gjennomsnittlig fordampningsum for år eller sesong, for perioden 1991-2020, for 1x1 km romlig oppløsning. (kg m-2 tilsvarer mm)","Mean evapotranspiration amount for year or season, for the period 1991-2020, at a 1x1 km spatial resolution. kg m-2 equals mm.",2006-01-01T00:00:00Z,2006-01-01T00:00:00Z,,"Fordampning for år eller årstider, midlet over perioden 1991–2020.",,"Shaochun Huang, Ingjerd Haddeland","Norwegian Water Resources and Energy Directorate (NVE), Norwegian Water Resources and Energy Directorate (NVE)","climatedata@nve.no, climatedata@nve.no","GCMDSK:EARTH SCIENCE > ATMOSPHERE > ATMOSPHERIC WATER VAPOR > WATER VAPOR PROCESSES > EVAPOTRANSPIRATION, GEMET:geological / hydrological, NORTHEMES:Weather and climate",Climate Indicator,"GEONOR,KSS"
swemax,annual maximum snow water equivalent,,kg m-2,,største årlige snømengde ,"Gjennomsnittlig årlig maksimal snømengde (mm vann snøen representerer den dagen i året det er maksimalt med snø), for perioden 1991-2020, for 1x1 km romlig oppløsning. (kg m-2 tilsvarer mm)","Mean annual maximum snow water equivalent for the period 1991-2020, at a 1x1 km spatial resolution. kg m-2 equals mm.",2006-01-01T00:00:00Z,2006-01-01T00:00:00Z,,"Største årlige snømengde for år, midlet over perioden 1991–2020.",,"Shaochun Huang, Ingjerd Haddeland","Norwegian Water Resources and Energy Directorate (NVE), Norwegian Water Resources and Energy Directorate (NVE)","climatedata@nve.no, climatedata@nve.no","GCMDSK:EARTH SCIENCE > CLIMATE INDICATORS > CRYOSPHERIC INDICATORS, GCMDSK:EARTH SCIENCE > CRYOSPHERE > SNOW/ICE > SNOW WATER EQUIVALENT, GEMET:Surface Snow Amount, NORTHEMES:Weather and climate",Climate Indicator,"GEONOR,KSS"
swe60ge,ski season,,1,60,skisesongens lengde,"Skisesongens lengde, for perioden 1991-2020, for 1x1 km romlig oppløsning. Skisesong er definerert som gjennomsnittlig antall døgn per år med snøvannekvivalent over 60 mm (tilsvarer snødybde cirka 25 cm, når tettheten settes til 0,25 kg/L).","Mean annual number of skiing days, for the period 1991-2020, at a 1x1 km spatial resolution. Skiing days are defined as days with snow water equivalent more than 60 mm (equals snow depth more than 25 cm when the snow density is 0.25 kg/L).",2006-01-01T00:00:00Z,2006-01-01T00:00:00Z,,"Skisesongens lengde for år, midlet over perioden 1991–2020.",,"Shaochun Huang, Ingjerd Haddeland","Norwegian Water Resources and Energy Directorate (NVE), Norwegian Water Resources and Energy Directorate (NVE)","climatedata@nve.no, climatedata@nve.no","GCMDSK:EARTH SCIENCE > CLIMATE INDICATORS > CRYOSPHERIC INDICATORS > SNOW COVER, GCMDSK:EARTH SCIENCE > CRYOSPHERE > SNOW/ICE > SNOW COVER, GEMET:geological / hydrological, NORTHEMES:Weather and climate",Climate Indicator,"GEONOR,KSS"
swe120ge,ski touring season,,1,120,topptursesongens lengde,"Topptursesongens lengde, for perioden 1991-2020, for 1x1 km romlig oppløsning. Topptursesong er definert som gjennomsnittlig antall døgn per år med snøvannekvivalent over 120 mm (tilsvarer snødybde cirka 50 cm, når tettheten settes til 0,25 kg/L).","Mean annual number of ski mountaineering days, for the period 1991-2020, at a 1x1 km spatial resolution. Ski mountaineering days are defined as days with snow water equivalent more than 120 mm (equals snow depth more than 50 cm when the snow density is 0.25 kg/L).",2006-01-01T00:00:00Z,2006-01-01T00:00:00Z,,"Topptursesongens lengde for år, midlet over perioden 1991–2020.",,"Shaochun Huang, Ingjerd Haddeland","Norwegian Water Resources and Energy Directorate (NVE), Norwegian Water Resources and Energy Directorate (NVE)","climatedata@nve.no, climatedata@nve.no","GCMDSK:EARTH SCIENCE > CLIMATE INDICATORS > CRYOSPHERIC INDICATORS > SNOW COVER, GCMDSK:EARTH SCIENCE > CRYOSPHERE > SNOW/ICE > SNOW COVER, GEMET:geological / hydrological, NORTHEMES:Weather and climate",Climate Indicator,"GEONOR,KSS"
mrso,soil moisture content,mass_content_of_water_in_soil,kg m-2,,markvannsinnhold,"Gjennomsnittlig markvannsinnhold (mai, juni, juli, august og september), for perioden 1991-2020, for 1x1 km romlig oppløsning.","Mean soil moisture content (May, June, July, August and September) for the period 1991-2020, at a 1x1 km spatial resolution.",2006-01-01T00:00:00Z,2006-01-01T00:00:00Z,,"Markvannsinnhold for sommersesongen (mai til og med september), midlet over perioden 1991–2020.",,"Shaochun Huang, Ingjerd Haddeland","Norwegian Water Resources and Energy Directorate (NVE), Norwegian Water Resources and Energy Directorate (NVE)","climatedata@nve.no, climatedata@nve.no","GCMDSK:EARTH SCIENCE > CLIMATE INDICATORS > LAND SURFACE/AGRICULTURE INDICATORS > SOIL MOISTURE, GCMDSK:EARTH SCIENCE > LAND SURFACE > SOILS > SOIL MOISTURE/WATER CONTENT, GEMET:Soil Moisture Content, NORTHEMES:Weather and climate",Climate Indicator,"GEONOR,KSS"
mrro30plt,hydrological drought duration ,,day,30,varighet av hydrologisk tørke ,"Gjennomsnittlig tørkevarighet for 15. juni til 15. oktober, for perioden 1991-2020, for 1x1 km romlig oppløsning. Tørkevarighet representerer hydrologisk tørke og er definert som antall sammenhengende dager med avrenning under 30-persentilen for referanseperioden. Beregningen er basert på 11-dagers glidende midling av daglig avrenning.","Mean drought duration in summer (15. June to 15. October) for the period 1991-2020, at a 1x1 km spatial resolution. Drought duration represents hydrological drought and is defined as number of consecutive days with runoff below the 30th percentile from the flow duration curve for the reference period. The computation is based on smoothed daily runoff using the 11-day moving average procedure.",2006-01-01T00:00:00Z,2006-01-01T00:00:00Z,,"Varighet av hydrologisk tørke for 15. juni til 15. oktober, midlet over perioden 1991–2020.",,"Wai Kwok Wong, Shaochun Huang","Norwegian Water Resources and Energy Directorate (NVE), Norwegian Water Resources and Energy Directorate (NVE)","climatedata@nve.no, climatedata@nve.no","GCMDSK:EARTH SCIENCE > CLIMATE INDICATORS > LAND SURFACE/AGRICULTURE INDICATORS > DROUGHT DURATION, GCMDSK:EARTH SCIENCE > HUMAN DIMENSIONS > NATURAL HAZARDS > DROUGHTS > DROUGHT DURATION, GEMET:drought, NORTHEMES:Weather and climate",Climate Indicator,"GEONOR,KSS"